Date,High,Low,Open,Close,Volume,Adj Close
02-01-2020,75.15000153,73.79750061,74.05999756,75.08750153,135480400,73.98846436
03-01-2020,75.14499664,74.125,74.28749847,74.35749817,146322800,73.26914978
06-01-2020,74.98999786,73.1875,73.44750214,74.94999695,118387200,73.85298157
07-01-2020,75.22499847,74.37000275,74.95999908,74.59750366,108872000,73.50565338
08-01-2020,76.11000061,74.29000092,74.29000092,75.79750061,132079200,74.68807983
09-01-2020,77.60749817,76.55000305,76.80999756,77.40750122,170108400,76.27451324
10-01-2020,78.16750336,77.0625,77.65000153,77.58249664,140644800,76.44693756
13-01-2020,79.26750183,77.78749847,77.91000366,79.23999786,121532000,78.08017731
14-01-2020,79.39250183,78.04250336,79.17500305,78.16999817,161954400,77.02585602
15-01-2020,78.875,77.38749695,77.96250153,77.83499908,121923600,76.69576263
16-01-2020,78.92500305,78.02249908,78.39749908,78.80999756,108829200,77.65649414
17-01-2020,79.68499756,78.75,79.06749725,79.68250275,137816400,78.51622772
21-01-2020,79.75499725,79,79.29750061,79.14250183,110843200,77.98410797
22-01-2020,79.99749756,79.32749939,79.64499664,79.42500305,101832400,78.26248932
23-01-2020,79.88999939,78.91249847,79.48000336,79.80750275,104472000,78.63938904
24-01-2020,80.83249664,79.37999725,80.0625,79.57749939,146537600,78.41275024
27-01-2020,77.94249725,76.22000122,77.51499939,77.23750305,161940000,76.10700989
28-01-2020,79.59999847,78.04750061,78.15000153,79.42250061,162234000,78.2600174
29-01-2020,81.96250153,80.34500122,81.11250305,81.08499908,216229200,79.89819336
30-01-2020,81.02249908,79.6875,80.13500214,80.96749878,126743200,79.7824173
31-01-2020,80.66999817,77.07250214,80.23249817,77.37750244,199588400,76.24495697
03-02-2020,78.37249756,75.55500031,76.07499695,77.16500092,173788400,76.03556061
04-02-2020,79.91000366,78.40750122,78.82749939,79.71250153,136616400,78.54577637
05-02-2020,81.19000244,79.73750305,80.87999725,80.36250305,118826800,79.18626404
06-02-2020,81.30500031,80.06500244,80.64250183,81.30249786,105425600,80.11250305
07-02-2020,80.84999847,79.5,80.59249878,80.00749969,117684000,79.0235672
10-02-2020,80.38749695,78.46250153,78.54499817,80.38749695,109348800,79.39888763
11-02-2020,80.97499847,79.67749786,80.90000153,79.90249634,94323200,78.91984558
12-02-2020,81.80500031,80.36750031,80.36750031,81.80000305,113730400,80.79402161
13-02-2020,81.55500031,80.83750153,81.04750061,81.21749878,94747600,80.21868134
14-02-2020,81.49500275,80.71250153,81.18499756,81.23750305,80113600,80.23843384
18-02-2020,79.9375,78.65249634,78.83999634,79.75,152531200,78.76922607
19-02-2020,81.14250183,80,80,80.90499878,93984000,79.91002655
20-02-2020,81.16249847,79.55249786,80.65750122,80.07499695,100566000,79.09021759
21-02-2020,80.11250305,77.625,79.65499878,78.26249695,129554000,77.30002594
24-02-2020,76.04499817,72.30750275,74.31500244,74.54499817,222195200,73.62823486
25-02-2020,75.63249969,71.53250122,75.23750305,72.01999664,230673600,71.13428497
26-02-2020,74.47000122,71.625,71.63249969,73.16249847,198054800,72.26274109
27-02-2020,71.5,68.23999786,70.27500153,68.37999725,320605600,67.53905487
28-02-2020,69.60250092,64.09249878,64.31500244,68.33999634,426510000,67.49954224
02-03-2020,75.36000061,69.43000031,70.56999969,74.70249939,341397200,73.78379822
03-03-2020,76,71.44999695,75.91750336,72.33000183,319475600,71.44047546
04-03-2020,75.84999847,73.28250122,74.11000061,75.68499756,219178400,74.75421906
05-03-2020,74.88749695,72.85250092,73.87999725,73.23000336,187572800,72.32940674
06-03-2020,72.70500183,70.30750275,70.5,72.25749969,226176800,71.3688736
09-03-2020,69.52249908,65.75,65.9375,66.54250336,286744800,65.72416687
10-03-2020,71.61000061,67.34249878,69.28500366,71.33499908,285290000,70.45771027
11-03-2020,70.30500031,67.96499634,69.34750366,68.85749817,255598800,68.01068878
12-03-2020,67.5,62,63.98500061,62.05749893,418474000,61.29430771
13-03-2020,69.98000336,63.23749924,66.22250366,69.49250031,370732000,68.63787842
16-03-2020,64.76999664,60,60.48749924,60.55250168,322423600,59.80781937
17-03-2020,64.40249634,59.59999847,61.87749863,63.21500015,324056000,62.43757248
18-03-2020,62.5,59.27999878,59.94250107,61.66749954,300233600,60.90910339
19-03-2020,63.20999908,60.65250015,61.84749985,61.19499969,271857200,60.44241333
20-03-2020,62.95750046,57,61.79499817,57.31000137,401693200,56.60520172
23-03-2020,57.125,53.15250015,57.02000046,56.09249878,336752800,55.402668
24-03-2020,61.92250061,58.57500076,59.09000015,61.72000122,287531200,60.96096802
25-03-2020,64.5625,61.07500076,62.6875,61.38000107,303602000,60.62514114
26-03-2020,64.66999817,61.59000015,61.63000107,64.61000061,252087200,63.81542206
27-03-2020,63.96749878,61.76250076,63.1875,61.93500137,204216800,61.17332077
30-03-2020,63.88000107,62.34999847,62.68500137,63.70249939,167976400,62.91907883
31-03-2020,65.62249756,63,63.90000153,63.57249832,197002000,62.79068375
01-04-2020,62.18000031,59.78250122,61.625,60.22750092,176218400,59.48681641
02-04-2020,61.28749847,59.22499847,60.08499908,61.23249817,165934000,60.47946167
03-04-2020,61.42499924,59.74250031,60.70000076,60.35250092,129880000,59.61027908
06-04-2020,65.77749634,62.34500122,62.72499847,65.61750031,201820400,64.81053162
07-04-2020,67.92500305,64.75,67.69999695,64.85749817,202887200,64.05986786
08-04-2020,66.84249878,65.30750275,65.68499756,66.51750183,168895200,65.69946289
09-04-2020,67.51750183,66.17500305,67.17500305,66.99749756,161834800,66.17355347
13-04-2020,68.42500305,66.45749664,67.07749939,68.3125,131022800,67.47238159
14-04-2020,72.0625,69.51249695,70,71.76249695,194994800,70.87994385
15-04-2020,71.58249664,70.15750122,70.59999847,71.10749817,131154400,70.23301697
16-04-2020,72.05000305,70.58750153,71.84500122,71.67250061,157125200,70.79106903
17-04-2020,71.73750305,69.21499634,71.17250061,70.69999695,215250000,69.83052063
20-04-2020,70.41999817,69.21250153,69.48750305,69.23249817,130015200,68.381073
21-04-2020,69.3125,66.35749817,69.06999969,67.09249878,180991600,66.26738739
22-04-2020,69.47499847,68.05000305,68.40249634,69.02500153,116862400,68.17612457
23-04-2020,70.4375,68.71749878,68.96749878,68.75749969,124814400,67.91191864
24-04-2020,70.75250244,69.25,69.30000305,70.74250031,126161200,69.87251282
27-04-2020,71.13500214,69.98750305,70.44999695,70.79250336,117087600,69.92188263
28-04-2020,71.45749664,69.55000305,71.26999664,69.64499664,112004800,68.78849792
29-04-2020,72.41750336,70.97250366,71.18250275,71.93250275,137280800,71.04785919
30-04-2020,73.63249969,72.08750153,72.48999786,73.44999695,183064000,72.54670715
01-05-2020,74.75,71.46250153,71.5625,72.26750183,240616800,71.37874603
04-05-2020,73.42250061,71.58000183,72.29250336,73.29000092,133568000,72.3886795
05-05-2020,75.25,73.61499786,73.76499939,74.38999939,147751200,73.47514343
06-05-2020,75.80999756,74.71749878,75.11499786,75.15750122,142333600,74.2332077
07-05-2020,76.29250336,75.49250031,75.80500031,75.93499756,115215200,75.00114441
08-05-2020,77.58750153,76.07250214,76.41000366,77.53250122,133838400,76.78629303
11-05-2020,79.26249695,76.80999756,77.02500153,78.75250244,145946400,77.99455261
12-05-2020,79.92250061,77.72750092,79.45749664,77.85250092,162301200,77.10322571
13-05-2020,78.98750305,75.80249786,78.03749847,76.91249847,200622400,76.17225647
14-05-2020,77.44750214,75.38249969,76.12750244,77.38500214,158929200,76.64022064
15-05-2020,76.97499847,75.05249786,75.08750153,76.92749786,166348400,76.18711853
18-05-2020,79.125,77.58000183,78.29250336,78.73999786,135178400,77.9821701
19-05-2020,79.62999725,78.25250244,78.75749969,78.28500366,101729600,77.53156281
20-05-2020,79.87999725,79.12999725,79.16999817,79.80750275,111504800,79.03940582
21-05-2020,80.22250366,78.96749878,79.66500092,79.21250153,102688800,78.45013428
22-05-2020,79.80750275,78.83750153,78.94249725,79.72250366,81803200,78.95523071
26-05-2020,81.05999756,79.125,80.875,79.18250275,125522000,78.42042542
27-05-2020,79.67749786,78.27249908,79.03500366,79.52749634,112945200,78.76209259
28-05-2020,80.86000061,78.90750122,79.19249725,79.5625,133560800,78.79675293
29-05-2020,80.28749847,79.11750031,79.8125,79.48500061,153532400,78.72001648
01-06-2020,80.58750153,79.30249786,79.4375,80.46250153,80791200,79.68810272
02-06-2020,80.86000061,79.73249817,80.1875,80.83499908,87642800,80.05701447
03-06-2020,81.55000305,80.57499695,81.16500092,81.27999878,104491200,80.49772644
04-06-2020,81.40499878,80.19499969,81.09750366,80.58000183,87560400,79.80447388
05-06-2020,82.9375,80.80750275,80.83750153,82.875,137250400,82.07737732
08-06-2020,83.40000153,81.83000183,82.5625,83.36499786,95654400,82.56265259
09-06-2020,86.40249634,83.00250244,83.03500366,85.99749756,147712400,85.16982269
10-06-2020,88.69249725,86.52249908,86.97499847,88.20999908,166651600,87.36103058
11-06-2020,87.76499939,83.87000275,87.32749939,83.97499847,201662400,83.16677856
12-06-2020,86.94999695,83.55500031,86.18000031,84.69999695,200146000,83.88481903
15-06-2020,86.41999817,83.14499664,83.3125,85.74749756,138808800,84.92222595
16-06-2020,88.30000305,86.18000031,87.86499786,88.01999664,165428800,87.17285919
17-06-2020,88.84999847,87.77249908,88.78749847,87.89749908,114406400,87.05153656
18-06-2020,88.36250305,87.30500031,87.85250092,87.93250275,96820400,87.08620453
19-06-2020,89.13999939,86.28749847,88.66000366,87.43000031,264476000,86.58853912
22-06-2020,89.86499786,87.78749847,87.83499908,89.71749878,135445200,88.85401917
23-06-2020,93.09500122,90.56749725,91,91.63249969,212155600,90.75059509
24-06-2020,92.19750214,89.62999725,91.25,90.01499939,192623200,89.14865875
25-06-2020,91.25,89.39250183,90.17500305,91.20999908,137522400,90.33215332
26-06-2020,91.33000183,88.25499725,91.10250092,88.40750122,205256800,87.556633
29-06-2020,90.54250336,87.81999969,88.3125,90.44499969,130646000,89.5745163
30-06-2020,91.49500275,90,90.01999664,91.19999695,140223200,90.32225037
01-07-2020,91.83999634,90.97750092,91.27999878,91.02749634,110737200,90.15141296
02-07-2020,92.61750031,90.91000366,91.96250153,91.02749634,114041600,90.15141296
06-07-2020,93.94499969,92.46749878,92.5,93.46250153,118655600,92.56298065
07-07-2020,94.65499878,93.05750275,93.85250092,93.17250061,112424400,92.27577209
08-07-2020,95.375,94.08999634,94.18000031,95.34249878,117092000,94.42489624
09-07-2020,96.31749725,94.67250061,96.26249695,95.75250244,125642800,94.83094788
10-07-2020,95.98000336,94.70500183,95.33499908,95.91999817,90257200,94.99682617
13-07-2020,99.95500183,95.25749969,97.26499939,95.47750092,191649200,94.55859375
14-07-2020,97.25499725,93.87750244,94.83999634,97.05750275,170989200,96.12338257
15-07-2020,99.24749756,96.48999786,98.98999786,97.72499847,153198000,96.78445435
16-07-2020,97.40499878,95.90499878,96.5625,96.52249908,110577600,95.59352875
17-07-2020,97.14749908,95.83999634,96.98750305,96.32749939,92186800,95.40039825
20-07-2020,98.5,96.0625,96.41750336,98.35749817,90318000,97.41087341
21-07-2020,99.25,96.74250031,99.17250061,97,103433200,96.06643677
22-07-2020,97.97499847,96.60250092,96.69249725,97.27249908,89001600,96.33631134
23-07-2020,97.07749939,92.01000214,96.99749756,92.84500122,197004400,91.95143127
24-07-2020,92.97000122,89.14499664,90.98750305,92.61499786,185438800,91.72363281
27-07-2020,94.90499878,93.48000336,93.70999908,94.80999756,121214000,93.89750671
28-07-2020,94.55000305,93.24749756,94.36750031,93.25250244,103625600,92.35500336
29-07-2020,95.23000336,93.71250153,93.75,95.04000092,90329200,94.12529755
30-07-2020,96.29750061,93.76750183,94.1875,96.19000244,158130000,95.26422882
31-07-2020,106.4150009,100.8249969,102.8850021,106.2600021,374336800,105.2373123
03-08-2020,111.6374969,107.8925018,108.1999969,108.9375,308151200,107.8890381
04-08-2020,110.7900009,108.3874969,109.1324997,109.6650009,173071600,108.6095428
05-08-2020,110.3925018,108.8974991,109.3775024,110.0625,121776800,109.0032196
06-08-2020,114.4124985,109.7975006,110.4049988,113.9024963,202428800,112.8062515
07-08-2020,113.6750031,110.2925034,113.2050018,111.1125031,198045600,110.2415161
10-08-2020,113.7750015,110,112.5999985,112.7275009,212403600,111.8438568
11-08-2020,112.4824982,109.1074982,111.9700012,109.375,187902400,108.5176392
12-08-2020,113.2750015,110.2975006,110.4974976,113.0100021,165598000,112.1241455
13-08-2020,116.0425034,113.9274979,114.4300003,115.0100021,210082000,114.1084595
14-08-2020,115,113.0449982,114.8300018,114.9075012,165565200,114.0067673
17-08-2020,116.0875015,113.9625015,116.0625,114.6074982,119561600,113.7091217
18-08-2020,116,114.0074997,114.3525009,115.5625,105633600,114.6566315
19-08-2020,117.1624985,115.6100006,115.9824982,115.7074966,145538000,114.800499
20-08-2020,118.3925018,115.7324982,115.75,118.2750015,126907200,117.3478699
21-08-2020,124.8675003,119.25,119.2624969,124.3700027,338054800,123.3950958
24-08-2020,128.7850037,123.9375,128.6974945,125.8574982,345937600,124.8709335
25-08-2020,125.1800003,123.0524979,124.6975021,124.8249969,211495600,123.8465271
26-08-2020,126.9925003,125.0824966,126.1800003,126.5224991,163022400,125.5307236
27-08-2020,127.4850006,123.8324966,127.1425018,125.0100021,155552400,124.0300827
28-08-2020,126.4424973,124.5774994,126.0124969,124.8075027,187630000,123.8291779
31-08-2020,131,126,127.5800018,129.0399933,225702700,128.0284729
01-09-2020,134.8000031,130.5299988,132.7599945,134.1799927,151948100,133.1282043
02-09-2020,137.9799957,127,137.5899963,131.3999939,200119000,130.3699951
03-09-2020,128.8399963,120.5,126.9100037,120.8799973,257599600,119.9324417
04-09-2020,123.6999969,110.8899994,120.0699997,120.9599991,332607200,120.0118332
08-09-2020,118.9899979,112.6800003,113.9499969,112.8199997,231366600,111.9356308
09-09-2020,119.1399994,115.2600021,117.2600021,117.3199997,176940500,116.4003601
10-09-2020,120.5,112.5,120.3600006,113.4899979,182274400,112.6003799
11-09-2020,115.2300034,110,114.5699997,112,180860300,111.1220627
14-09-2020,115.9300003,112.8000031,114.7200012,115.3600006,140150100,114.4557266
15-09-2020,118.8300018,113.6100006,118.3300018,115.5400009,184642000,114.6343155
16-09-2020,116,112.0400009,115.2300034,112.1299973,154679000,111.2510376
17-09-2020,112.1999969,108.7099991,109.7200012,110.3399963,178011000,109.4750748
18-09-2020,110.8799973,106.0899963,110.4000015,106.8399963,287104900,106.0025024
21-09-2020,110.1900024,103.0999985,104.5400009,110.0800018,195713800,109.2171173
22-09-2020,112.8600006,109.1600037,112.6800003,111.8099976,183055400,110.933548
23-09-2020,112.1100006,106.7699966,111.6200027,107.1200027,150718700,106.2803268
24-09-2020,110.25,105,105.1699982,108.2200012,167743300,107.3716965
25-09-2020,112.4400024,107.6699982,108.4300003,112.2799988,149981400,111.3998642
28-09-2020,115.3199997,112.7799988,115.0100021,114.9599991,137672400,114.0588608
29-09-2020,115.3099976,113.5699997,114.5500031,114.0899963,99382200,113.1956787
30-09-2020,117.2600021,113.6200027,113.7900009,115.8099976,142675200,114.9021912
01-10-2020,117.7200012,115.8300018,117.6399994,116.7900009,116120400,115.8745117
02-10-2020,115.3700027,112.2200012,112.8899994,113.0199966,144712000,112.1340561
05-10-2020,116.6500015,113.5500031,113.9100037,116.5,106243800,115.586792
06-10-2020,116.1200027,112.25,115.6999969,113.1600037,161498200,112.2729797
07-10-2020,115.5500031,114.1299973,114.6200027,115.0800018,96849000,114.1779251
08-10-2020,116.4000015,114.5899963,116.25,114.9700012,83477200,114.068779
09-10-2020,117,114.9199982,115.2799988,116.9700012,100506900,116.0531082
12-10-2020,125.1800003,119.2799988,120.0599976,124.4000015,240226800,123.4248581
13-10-2020,125.3899994,119.6500015,125.2699966,121.0999985,262330500,120.1507263
14-10-2020,123.0299988,119.6200027,121,121.1900024,150712000,120.240036
15-10-2020,121.1999969,118.1500015,118.7200012,120.7099991,112559200,119.7637863
16-10-2020,121.5500031,118.8099976,121.2799988,119.0199966,115393800,118.0870285
19-10-2020,120.4199982,115.6600037,119.9599991,115.9800034,120639300,115.0708771
20-10-2020,118.9800034,115.6299973,116.1999969,117.5100021,124423700,116.5888672
21-10-2020,118.7099991,116.4499969,116.6699982,116.8700027,89946000,115.9538879
22-10-2020,118.0400009,114.5899963,117.4499969,115.75,101988000,114.8426666
23-10-2020,116.5500031,114.2799988,116.3899994,115.0400009,82572600,114.138237
26-10-2020,116.5500031,112.8799973,114.0100021,115.0500031,111850700,114.1481552
27-10-2020,117.2799988,114.5400009,115.4899979,116.5999985,92276800,115.6860046
28-10-2020,115.4300003,111.0999985,115.0500031,111.1999969,143937800,110.328331
29-10-2020,116.9300003,112.1999969,112.3700027,115.3199997,146129200,114.4160385
30-10-2020,111.9899979,107.7200012,111.0599976,108.8600006,190272600,108.0066681
02-11-2020,110.6800003,107.3199997,109.1100006,108.7699966,122866900,107.9173737
03-11-2020,111.4899979,108.7300034,109.6600037,110.4400024,107624400,109.574295
04-11-2020,115.5899963,112.3499985,114.1399994,114.9499969,138235500,114.0489349
05-11-2020,119.6200027,116.8700027,117.9499969,119.0299988,126387100,118.0969543
06-11-2020,119.1999969,116.1299973,118.3199997,118.6900024,114457900,117.9627914
09-11-2020,121.9899979,116.0500031,120.5,116.3199997,154515300,115.6073074
10-11-2020,117.5899963,114.1299973,115.5500031,115.9700012,138023400,115.2594528
11-11-2020,119.6299973,116.4400024,117.1900024,119.4899979,112295000,118.7578735
12-11-2020,120.5299988,118.5699997,119.6200027,119.2099991,103162300,118.479599
13-11-2020,119.6699982,117.8700027,119.4400024,119.2600021,81581900,118.5292969
16-11-2020,120.9899979,118.1500015,118.9199982,120.3000031,91183000,119.5629196
17-11-2020,120.6699982,118.9599991,119.5500031,119.3899994,74271000,118.658493
18-11-2020,119.8199997,118,118.6100006,118.0299988,76322100,117.3068237
19-11-2020,119.0599976,116.8099976,117.5899963,118.6399994,74113000,117.9130859
20-11-2020,118.7699966,117.2900009,118.6399994,117.3399963,73604300,116.621048
23-11-2020,117.6200027,113.75,117.1800003,113.8499985,127959300,113.1524353
24-11-2020,115.8499985,112.5899963,113.9100037,115.1699982,113874200,114.4643555
25-11-2020,116.75,115.1699982,115.5500031,116.0299988,76499200,115.3190765
27-11-2020,117.4899979,116.2200012,116.5699997,116.5899963,46691300,115.8756485
30-11-2020,120.9700012,116.8099976,116.9700012,119.0500031,169410200,118.3205795
01-12-2020,123.4700012,120.0100021,121.0100021,122.7200012,127728200,121.9680939
02-12-2020,123.3700027,120.8899994,122.0199966,123.0800018,89004200,122.3258972
03-12-2020,123.7799988,122.2099991,123.5199966,122.9400024,78967600,122.1867447
04-12-2020,122.8600006,121.5199966,122.5999985,122.25,78260400,121.5009766
07-12-2020,124.5699997,122.25,122.3099976,123.75,86712000,122.9917908
08-12-2020,124.9800034,123.0899963,124.3700027,124.3799973,82225500,123.6179199
09-12-2020,125.9499969,121,124.5299988,121.7799988,115089200,121.033844
10-12-2020,123.8700027,120.1500015,120.5,123.2399979,81312200,122.4849014
11-12-2020,122.7600021,120.5500031,122.4300003,122.4100037,86939800,121.6599884
14-12-2020,123.3499985,121.5400009,122.5999985,121.7799988,79184500,121.033844
15-12-2020,127.9000015,124.1299973,124.3399963,127.8799973,157243700,127.0964813
16-12-2020,128.3699951,126.5599976,127.4100037,127.8099976,98208600,127.0269012
17-12-2020,129.5800018,128.0399933,128.8999939,128.6999969,94359800,127.9114456
18-12-2020,129.1000061,126.1200027,128.9600067,126.6600037,192541500,125.8839569
21-12-2020,128.3099976,123.4499969,125.0199966,128.2299957,121251600,127.4443283
22-12-2020,134.4100037,129.6499939,131.6100006,131.8800049,168904800,131.0719757
23-12-2020,132.4299927,130.7799988,132.1600037,130.9600067,88223700,130.157608
24-12-2020,133.4600067,131.1000061,131.3200073,131.9700012,54930100,131.1614075
28-12-2020,137.3399963,133.5099945,133.9900055,136.6900024,124486200,135.8525085
29-12-2020,138.7899933,134.3399963,138.0500031,134.8699951,121047300,134.0436401
30-12-2020,135.9900055,133.3999939,135.5800018,133.7200012,96452100,132.9006958
31-12-2020,134.7400055,131.7200012,134.0800018,132.6900024,99116600,131.8769989
04-01-2021,133.6100006,126.7600021,133.5200043,129.4100037,143301900,128.6171112
05-01-2021,131.7400055,128.4299927,128.8899994,131.0099945,97664900,130.2072906
06-01-2021,131.0500031,126.3799973,127.7200012,126.5999985,155088000,125.8243256
07-01-2021,131.6300049,127.8600006,128.3600006,130.9199982,109578200,130.1178436
08-01-2021,132.6300049,130.2299957,132.4299927,132.0500031,105158200,131.2409058
11-01-2021,130.1699982,128.5,129.1900024,128.9799957,100384500,128.189743
12-01-2021,129.6900024,126.8600006,128.5,128.8000031,91951100,128.010849
13-01-2021,131.4499969,128.4900055,128.7599945,130.8899994,88636800,130.088028
14-01-2021,131,128.7599945,130.8000031,128.9100037,90221800,128.120163
15-01-2021,130.2200012,127,128.7799988,127.1399994,111598500,126.3610153
19-01-2021,128.7100067,126.9400024,127.7799988,127.8300018,90757300,127.0467834
20-01-2021,132.4900055,128.5500031,128.6600037,132.0299988,104319500,131.2210388
21-01-2021,139.6699982,133.5899963,133.8000031,136.8699951,120150900,136.0314026
22-01-2021,139.8500061,135.0200043,136.2799988,139.0700073,114459400,138.2179108
25-01-2021,145.0899963,136.5399933,143.0700073,142.9199982,157611700,142.0443115
26-01-2021,144.3000031,141.3699951,143.6000061,143.1600037,98390600,142.2828674
27-01-2021,144.3000031,140.4100037,143.4299927,142.0599976,140843800,141.1895905
28-01-2021,141.9900055,136.6999969,139.5200043,137.0899963,142621100,136.2500458
29-01-2021,136.7400055,130.2100067,135.8300018,131.9600067,177523800,131.151474
01-02-2021,135.3800049,130.9299927,133.75,134.1399994,106239800,133.3181152
02-02-2021,136.3099976,134.6100006,135.7299957,134.9900055,83305400,134.1629333
03-02-2021,135.7700043,133.6100006,135.7599945,133.9400024,89880900,133.1193237
04-02-2021,137.3999939,134.5899963,136.3000031,137.3899994,84183100,136.5482178
05-02-2021,137.4199982,135.8600006,137.3500061,136.7599945,75693800,136.1251678
08-02-2021,136.9600067,134.9199982,136.0299988,136.9100037,71297200,136.2744904
09-02-2021,137.8800049,135.8500061,136.6199951,136.0099945,76774200,135.3786469
10-02-2021,136.9900055,134.3999939,136.4799957,135.3899994,73046600,134.7615204
11-02-2021,136.3899994,133.7700043,135.8999939,135.1300049,64280000,134.5027466
12-02-2021,135.5299988,133.6900024,134.3500061,135.3699951,60145100,134.7416077
16-02-2021,136.0099945,132.7899933,135.4900055,133.1900024,80576300,132.5717621
17-02-2021,132.2200012,129.4700012,131.25,130.8399963,97918500,130.232666
18-02-2021,130,127.4100037,129.1999969,129.7100067,96856700,129.1078949
19-02-2021,130.7100067,128.8000031,130.2400055,129.8699951,87668800,129.2671661
22-02-2021,129.7200012,125.5999985,128.0099945,126,103916400,125.4151306
23-02-2021,126.7099991,118.3899994,123.7600021,125.8600006,158273000,125.2757721
24-02-2021,125.5599976,122.2300034,124.9400024,125.3499985,111039900,124.7681427
25-02-2021,126.4599991,120.5400009,124.6800003,120.9899979,148199500,120.4283829
26-02-2021,124.8499985,121.1999969,122.5899963,121.2600021,164560400,120.6971283
01-03-2021,127.9300003,122.7900009,123.75,127.7900009,116307900,127.1968231
02-03-2021,128.7200012,125.0100021,128.4100037,125.1200027,102260900,124.5392075
03-03-2021,125.7099991,121.8399963,124.8099976,122.0599976,112966300,121.4934082
04-03-2021,123.5999985,118.6200027,121.75,120.1299973,178155000,119.5723648
05-03-2021,121.9400024,117.5699997,120.9800034,121.4199982,153766600,120.8563843
08-03-2021,121,116.2099991,120.9300003,116.3600006,154376600,115.81987
09-03-2021,122.0599976,118.7900009,119.0299988,121.0899963,129525800,120.527916
10-03-2021,122.1699982,119.4499969,121.6900024,119.9800034,111943300,119.4230804
11-03-2021,123.2099991,121.2600021,122.5400009,121.9599991,103026500,121.3938751
12-03-2021,121.1699982,119.1600037,120.4000015,121.0299988,88105100,120.4681931
15-03-2021,124,120.4199982,121.4100037,123.9899979,92403800,123.4144592
16-03-2021,127.2200012,124.7200012,125.6999969,125.5699997,115227900,124.9871216
17-03-2021,125.8600006,122.3399963,124.0500031,124.7600021,111932600,124.1808853
18-03-2021,123.1800003,120.3199997,122.8799973,120.5299988,121229700,119.9705124
19-03-2021,121.4300003,119.6800003,119.9000015,119.9899979,185549500,119.4330215
22-03-2021,123.8700027,120.2600021,120.3300018,123.3899994,111912300,122.8172455
23-03-2021,124.2399979,122.1399994,123.3300018,122.5400009,95467100,121.9711914
24-03-2021,122.9000015,120.0699997,122.8199997,120.0899963,88530500,119.5325546
25-03-2021,121.6600037,119,119.5400009,120.5899963,98844700,120.0302353
26-03-2021,121.4800034,118.9199982,120.3499985,121.2099991,94071200,120.6473618
29-03-2021,122.5800018,120.7300034,121.6500015,121.3899994,80819200,120.8265228
30-03-2021,120.4000015,118.8600006,120.1100006,119.9000015,85671900,119.3434372
31-03-2021,123.5199966,121.1500015,121.6500015,122.1500015,118323800,121.5830002
01-04-2021,124.1800003,122.4899979,123.6600037,123,75089100,122.4290466
05-04-2021,126.1600037,123.0699997,123.8700027,125.9000015,88651200,125.3155975
06-04-2021,127.1299973,125.6500015,126.5,126.2099991,80171300,125.6241531
07-04-2021,127.9199982,125.1399994,125.8300018,127.9000015,83466700,127.3063049
08-04-2021,130.3899994,128.5200043,128.9499969,130.3600006,88844600,129.7548828
09-04-2021,133.0399933,129.4700012,129.8000031,133,106686700,132.3826294
12-04-2021,132.8500061,130.6300049,132.5200043,131.2400055,91420000,130.6308136
13-04-2021,134.6600037,131.9299927,132.4400024,134.4299927,91266500,133.8059845
14-04-2021,135,131.6600037,134.9400024,132.0299988,87222800,131.4171295
15-04-2021,135,133.6399994,133.8200073,134.5,89347100,133.8756714
16-04-2021,134.6699982,133.2799988,134.3000031,134.1600037,84922400,133.537262
19-04-2021,135.4700012,133.3399963,133.5099945,134.8399963,94264200,134.2140808
20-04-2021,135.5299988,131.8099976,135.0200043,133.1100006,94812300,132.4921265
21-04-2021,133.75,131.3000031,132.3600006,133.5,68847100,132.8802948
22-04-2021,134.1499939,131.4100037,133.0399933,131.9400024,84566500,131.3275604
23-04-2021,135.1199951,132.1600037,132.1600037,134.3200073,78657500,133.6965027
26-04-2021,135.0599976,133.5599976,134.8300018,134.7200012,66905100,134.0946503
27-04-2021,135.4100037,134.1100006,135.0099945,134.3899994,66015800,133.7661743
28-04-2021,135.0200043,133.0800018,134.3099976,133.5800018,107760100,132.9599457
29-04-2021,137.0700073,132.4499969,136.4700012,133.4799957,151101000,132.8603973
30-04-2021,133.5599976,131.0700073,131.7799988,131.4600067,109839500,130.8497925
03-05-2021,134.0700073,131.8300018,132.0399933,132.5399933,75135100,131.9247589
04-05-2021,131.4900055,126.6999969,131.1900024,127.8499985,137564700,127.2565384
05-05-2021,130.4499969,127.9700012,129.1999969,128.1000061,84000900,127.5053864
06-05-2021,129.75,127.1299973,127.8899994,129.7400055,78128300,129.1377563
07-05-2021,131.2599945,129.4799957,130.8500061,130.2100067,78973300,129.8257446
10-05-2021,129.5399933,126.8099976,129.4100037,126.8499985,88071200,126.4756393
11-05-2021,126.2699966,122.7699966,123.5,125.9100037,126142800,125.5384216
12-05-2021,124.6399994,122.25,123.4000015,122.7699966,112172300,122.4076843
13-05-2021,126.1500015,124.2600021,124.5800018,124.9700012,105861300,124.6011887
14-05-2021,127.8899994,125.8499985,126.25,127.4499969,81918000,127.0738678
17-05-2021,126.9300003,125.1699982,126.8199997,126.2699966,74244600,125.8973541
18-05-2021,126.9899979,124.7799988,126.5599976,124.8499985,63342900,124.4815445
19-05-2021,124.9199982,122.8600006,123.1600037,124.6900024,92612000,124.3220215
20-05-2021,127.7200012,125.0999985,125.2300034,127.3099976,76857100,126.9342804
21-05-2021,128,125.2099991,127.8199997,125.4300003,79295400,125.0598373
24-05-2021,127.9400024,125.9400024,126.0100021,127.0999985,63092900,126.7248993
25-05-2021,128.3200073,126.3199997,127.8199997,126.9000015,72009500,126.5254974
26-05-2021,127.3899994,126.4199982,126.9599991,126.8499985,56575900,126.4756393
27-05-2021,127.6399994,125.0800018,126.4400024,125.2799988,94625600,124.9102707
28-05-2021,125.8000031,124.5500031,125.5699997,124.6100006,71311100,124.2422562
01-06-2021,125.3499985,123.9400024,125.0800018,124.2799988,67637100,123.9132233
02-06-2021,125.2399979,124.0500031,124.2799988,125.0599976,59278900,124.690918
03-06-2021,124.8499985,123.1299973,124.6800003,123.5400009,76229200,123.175415
04-06-2021,126.1600037,123.8499985,124.0699997,125.8899994,75169300,125.5184784
07-06-2021,126.3199997,124.8300018,126.1699982,125.9000015,71057600,125.52845
08-06-2021,128.4600067,126.2099991,126.5999985,126.7399979,74403800,126.3659668
09-06-2021,127.75,126.5199966,127.2099991,127.1299973,56877900,126.7548218
10-06-2021,128.1900024,125.9400024,127.0199966,126.1100006,71186400,125.7378311
11-06-2021,127.4400024,126.0999985,126.5299988,127.3499985,53522400,126.9741669
14-06-2021,130.5399933,127.0699997,127.8199997,130.4799957,96906500,130.0949249
15-06-2021,130.6000061,129.3899994,129.9400024,129.6399994,62746300,129.2574158
16-06-2021,130.8899994,128.4600067,130.3699951,130.1499939,91815000,129.7658997
17-06-2021,132.5500031,129.6499939,129.8000031,131.7899933,96721700,131.401062
18-06-2021,131.5099945,130.2400055,130.7100067,130.4600067,108953300,130.0749969
21-06-2021,132.4100037,129.2100067,130.3000031,132.3000031,79663300,131.9095612
22-06-2021,134.0800018,131.6199951,132.1300049,133.9799957,74783600,133.5845947
23-06-2021,134.3200073,133.2299957,133.7700043,133.6999969,60214200,133.3054352
24-06-2021,134.6399994,132.9299927,134.4499969,133.4100037,68711000,133.0162811
25-06-2021,133.8899994,132.8099976,133.4600067,133.1100006,70783700,132.7171783
28-06-2021,135.25,133.3500061,133.4100037,134.7799988,62111300,134.3822479
29-06-2021,136.4900055,134.3500061,134.8000031,136.3300018,64556100,135.9276733
30-06-2021,137.4100037,135.8699951,136.1699982,136.9600067,63261400,136.5558167
01-07-2021,137.3300018,135.7599945,136.6000061,137.2700043,52485800,136.8648987
02-07-2021,140,137.75,137.8999939,139.9600067,78852600,139.5469666
06-07-2021,143.1499939,140.0700073,140.0700073,142.0200043,108181800,141.6008759
07-07-2021,144.8899994,142.6600037,143.5399933,144.5700073,104911600,144.1433563
08-07-2021,144.0599976,140.6699982,141.5800018,143.2400055,105575500,142.817276
09-07-2021,145.6499939,142.6499939,142.75,145.1100006,99890800,144.6817627
12-07-2021,146.3200073,144,146.2100067,144.5,76299700,144.0735626
13-07-2021,147.4600067,143.6300049,144.0299988,145.6399994,100827100,145.2101898
14-07-2021,149.5700073,147.6799927,148.1000061,149.1499939,127050800,148.7098236
15-07-2021,150,147.0899963,149.2400055,148.4799957,106820300,148.0418091
16-07-2021,149.7599945,145.8800049,148.4600067,146.3899994,93251400,145.9579773
19-07-2021,144.0700073,141.6699982,143.75,142.4499969,121434600,142.0296021
20-07-2021,147.1000061,142.9600067,143.4600067,146.1499939,96350000,145.7186737
21-07-2021,146.1300049,144.6300049,145.5299988,145.3999939,74993500,144.9709015
22-07-2021,148.1999969,145.8099976,145.9400024,146.8000031,77338200,146.3667603
23-07-2021,148.7200012,146.9199982,147.5500031,148.5599976,71447400,148.121582
26-07-2021,149.8300018,147.6999969,148.2700043,148.9900055,72434100,148.5503235
27-07-2021,149.2100067,145.5500031,149.1199951,146.7700043,104818600,146.336853
28-07-2021,146.9700012,142.5399933,144.8099976,144.9799957,118931200,144.5521393
29-07-2021,146.5500031,144.5800018,144.6900024,145.6399994,56699500,145.2101898
30-07-2021,146.3300018,144.1100006,144.3800049,145.8600006,70382000,145.4295349
02-08-2021,146.9499969,145.25,146.3600006,145.5200043,62880000,145.0905457
03-08-2021,148.0399933,145.1799927,145.8099976,147.3600006,64786600,146.9251099
04-08-2021,147.7899933,146.2799988,147.2700043,146.9499969,56368300,146.5163269
05-08-2021,147.8399963,146.1699982,146.9799957,147.0599976,46397700,146.6260071
06-08-2021,147.1100006,145.6300049,146.3500061,146.1399994,54067400,145.9270172
09-08-2021,146.6999969,145.5200043,146.1999969,146.0899963,48908700,145.8770905
10-08-2021,147.7100067,145.3000031,146.4400024,145.6000061,69023100,145.3878174
11-08-2021,146.7200012,145.5299988,146.0500031,145.8600006,48493500,145.6474304
12-08-2021,149.0500031,145.8399963,146.1900024,148.8899994,72282600,148.6730194
13-08-2021,149.4400024,148.2700043,148.9700012,149.1000061,59318800,148.8827209
16-08-2021,151.1900024,146.4700012,148.5399933,151.1199951,103296000,150.899765
17-08-2021,151.6799927,149.0899963,150.2299957,150.1900024,92229700,149.9711304
18-08-2021,150.7200012,146.1499939,149.8000031,146.3600006,86326000,146.146698
19-08-2021,148,144.5,145.0299988,146.6999969,86960300,146.4862061
20-08-2021,148.5,146.7799988,147.4400024,148.1900024,59947400,147.9740448
23-08-2021,150.1900024,147.8899994,148.3099976,149.7100067,60131800,149.4918365
24-08-2021,150.8600006,149.1499939,149.4499969,149.6199951,48606400,149.401947
25-08-2021,150.3200073,147.8000031,149.8099976,148.3600006,58991300,148.1437836
26-08-2021,149.1199951,147.5099945,148.3500061,147.5399933,48597200,147.3249817
27-08-2021,148.75,146.8300018,147.4799957,148.6000061,55721500,148.3834534
30-08-2021,153.4900055,148.6100006,149,153.1199951,90956700,152.8968506
31-08-2021,152.8000031,151.2899933,152.6600037,151.8300018,86453100,151.6087341
01-09-2021,154.9799957,152.3399963,152.8300018,152.5099945,80313700,152.287735
02-09-2021,154.7200012,152.3999939,153.8699951,153.6499939,71115500,153.4260712
03-09-2021,154.6300049,153.0899963,153.7599945,154.3000031,57808700,154.0751343
07-09-2021,157.2599945,154.3899994,154.9700012,156.6900024,82278300,156.4616547
08-09-2021,157.0399933,153.9799957,156.9799957,155.1100006,74420200,154.8839569
09-09-2021,156.1100006,153.9499969,155.4900055,154.0700073,57305700,153.8454742
10-09-2021,155.4799957,148.6999969,155,148.9700012,140646400,148.7528992
13-09-2021,151.4199982,148.75,150.6300049,149.5500031,102404300,149.3320618
14-09-2021,151.0700073,146.9100037,150.3500061,148.1199951,109296300,147.904129
15-09-2021,149.4400024,146.3699951,148.5599976,149.0299988,83281300,148.8128052
16-09-2021,148.9700012,147.2200012,148.4400024,148.7899933,68034100,148.5731506
17-09-2021,148.8200073,145.7599945,148.8200073,146.0599976,129868800,145.8471375
20-09-2021,144.8399963,141.2700043,143.8000031,142.9400024,123478900,142.7316895
21-09-2021,144.6000061,142.7799988,143.9299927,143.4299927,75834000,143.2209625
22-09-2021,146.4299927,143.6999969,144.4499969,145.8500061,76404300,145.6374512
23-09-2021,147.0800018,145.6399994,146.6499939,146.8300018,64838200,146.6160278
24-09-2021,147.4700012,145.5599976,145.6600037,146.9199982,53477900,146.7058868
27-09-2021,145.9600067,143.8200073,145.4700012,145.3699951,74150700,145.1581421
28-09-2021,144.75,141.6900024,143.25,141.9100037,108972300,141.703186
29-09-2021,144.4499969,142.0299988,142.4700012,142.8300018,74602000,142.6218567
30-09-2021,144.3800049,141.2799988,143.6600037,141.5,88934200,141.2937927
01-10-2021,142.9199982,139.1100006,141.8999939,142.6499939,94639600,142.4421082
04-10-2021,142.2100067,138.2700043,141.7599945,139.1399994,98322000,138.9372253
05-10-2021,142.2400055,139.3600006,139.4900055,141.1100006,80861100,140.9043579
06-10-2021,142.1499939,138.3699951,139.4700012,142,83221100,141.7930603
07-10-2021,144.2200012,142.7200012,143.0599976,143.2899933,61732700,143.0811768
08-10-2021,144.1799927,142.5599976,144.0299988,142.8999939,58718700,142.6917419
11-10-2021,144.8099976,141.8099976,142.2700043,142.8099976,64452200,142.6018829
12-10-2021,143.25,141.0399933,143.2299957,141.5099945,73035900,141.303772
13-10-2021,141.3999939,139.1999969,141.2400055,140.9100037,78762700,140.7046509
14-10-2021,143.8800049,141.5099945,142.1100006,143.7599945,69907100,143.5504913
15-10-2021,144.8999939,143.5099945,143.7700043,144.8399963,67885200,144.6289215
18-10-2021,146.8399963,143.1600037,143.4499969,146.5500031,85589200,146.3364258
19-10-2021,149.1699982,146.5500031,147.0099945,148.7599945,76378900,148.5431976
20-10-2021,149.75,148.1199951,148.6999969,149.2599945,58418800,149.0424805
21-10-2021,149.6399994,147.8699951,148.8099976,149.4799957,61421000,149.262146
22-10-2021,150.1799927,148.6399994,149.6900024,148.6900024,58883400,148.4733124
25-10-2021,149.3699951,147.6199951,148.6799927,148.6399994,50720600,148.4233856
26-10-2021,150.8399963,149.0099945,149.3300018,149.3200073,60893400,149.1024017
27-10-2021,149.7299957,148.4900055,149.3600006,148.8500061,56094900,148.6330872
28-10-2021,153.1699982,149.7200012,149.8200073,152.5700073,100077900,152.3476563
29-10-2021,149.9400024,146.4100037,147.2200012,149.8000031,124850400,149.5816956
01-11-2021,149.6999969,147.8000031,148.9900055,148.9600067,74588300,148.7429199
02-11-2021,151.5700073,148.6499939,148.6600037,150.0200043,69122000,149.8013763
03-11-2021,151.9700012,149.8200073,150.3899994,151.4900055,54511500,151.2692413
04-11-2021,152.4299927,150.6399994,151.5800018,150.9600067,60394600,150.7400055
05-11-2021,152.1999969,150.0599976,151.8899994,151.2799988,65414600,151.2799988
08-11-2021,151.5700073,150.1600037,151.4100037,150.4400024,55020900,150.4400024
09-11-2021,151.4299927,150.0599976,150.1999969,150.8099976,56787900,150.8099976
10-11-2021,150.1300049,147.8500061,150.0200043,147.9199982,65187100,147.9199982
11-11-2021,149.4299927,147.6799927,148.9600067,147.8699951,41000000,147.8699951
12-11-2021,150.3999939,147.4799957,148.4299927,149.9900055,63632600,149.9900055
